LIGID-01,LIGID-02,InChI
049_cov,04C_cov,"InChI=1S/C31H40N4O7/c1-21(32-27(36)19-35-13-15-41-16-14-35)29(38)34-26(18-23-9-11-24(40-3)12-10-23)30(39)33-25(28(37)31(2)20-42-31)17-22-7-5-4-6-8-22/h4-12,21,25-26H,13-20H2,1-3H3,(H,32,36)(H,33,39)(H,34,38)/t21-,25-,26-,31+/m0/s1"
049_cov,GQK_1_cov,"InChI=1S/C31H40N4O7/c1-21(32-27(36)19-35-13-15-41-16-14-35)29(38)34-26(18-23-9-11-24(40-3)12-10-23)30(39)33-25(28(37)31(2)20-42-31)17-22-7-5-4-6-8-22/h4-12,21,25-26H,13-20H2,1-3H3,(H,32,36)(H,33,39)(H,34,38)/t21-,25-,26-,31+/m0/s1"
04D_cov,6VO_cov,"InChI=1S/C28H50N4O7/c1-11-16(5)21(30-27(38)23(17(6)12-2)32(10)19(8)34)25(36)31-22(18(7)33)26(37)29-20(13-15(3)4)24(35)28(9)14-39-28/h15-18,20-23,33H,11-14H2,1-10H3,(H,29,37)(H,30,38)(H,31,36)/t16-,17-,18+,20-,21-,22-,23-,28+/m0/s1"
0AX_cov,89K_cov,"InChI=1S/C34H40N4O6/c39-30(34(43)36-21-23-12-5-2-6-13-23)26(19-25-15-9-17-35-31(25)40)37-32(41)27(18-22-10-3-1-4-11-22)38-33(42)29-20-24-14-7-8-16-28(24)44-29/h2,5-8,12-14,16,20,22,25-27H,1,3-4,9-11,15,17-19,21H2,(H,35,40)(H,36,43)(H,37,41)(H,38,42)/t25-,26-,27-/m0/s1"
0BO_cov,KJ0_cov,"InChI=1S/C30H38N4O6/c35-26(30(39)32-21-12-13-21)22(16-20-10-6-14-31-27(20)36)33-28(37)23(15-18-7-2-1-3-8-18)34-29(38)25-17-19-9-4-5-11-24(19)40-25/h4-5,9,11,17-18,20-23H,1-3,6-8,10,12-16H2,(H,31,36)(H,32,39)(H,33,37)(H,34,38)/t20-,22-,23-/m0/s1"
0G6_cov,0G7_cov,"InChI=1S/C21H31ClN6O3/c22-13-18(29)16(8-4-10-26-21(24)25)27-19(30)17-9-5-11-28(17)20(31)15(23)12-14-6-2-1-3-7-14/h1-3,6-7,15-17H,4-5,8-13,23H2,(H,27,30)(H4,24,25,26)/t15-,16+,17+/m1/s1"
0G6_cov,DFK_cov,"InChI=1S/C21H31ClN6O3/c22-13-18(29)16(8-4-10-26-21(24)25)27-19(30)17-9-5-11-28(17)20(31)15(23)12-14-6-2-1-3-7-14/h1-3,6-7,15-17H,4-5,8-13,23H2,(H,27,30)(H4,24,25,26)/t15-,16+,17+/m1/s1"
0N3_cov,A1J_cov,"InChI=1S/C9H12BNO6S/c12-9(13)8-3-1-2-7(4-8)5-18(16,17)11-6-10(14)15/h1-4,11,14-15H,5-6H2,(H,12,13)"
0QE_10_cov,2YS_cov,"InChI=1S/C18H35ClN4O3/c1-11(2)9-14(23-18(26)16(21)12(3)4)17(25)22-13(15(24)10-19)7-5-6-8-20/h11-14,16H,5-10,20-21H2,1-4H3,(H,22,25)(H,23,26)/t13-,14-,16+/m0/s1"
0QE_14_cov,TYW_cov,"InChI=1S/C24H33ClN4O8/c1-13(31)21(28-23(36)19-4-3-9-29(19)14(2)32)24(37)27-18(12-30)22(35)26-17(20(34)11-25)10-15-5-7-16(33)8-6-15/h5-8,13,17-19,21,30-31,33H,3-4,9-12H2,1-2H3,(H,26,35)(H,27,37)(H,28,36)/t13-,17+,18+,19+,21+/m1/s1"
0QE_15_cov,HPH_2_cov,"InChI=1S/C25H33ClN4O7/c1-15(27-21(32)10-11-22(33)34)23(35)28-16(2)25(37)30-12-6-9-19(30)24(36)29-18(20(31)14-26)13-17-7-4-3-5-8-17/h3-5,7-8,15-16,18-19H,6,9-14H2,1-2H3,(H,27,32)(H,28,35)(H,29,36)(H,33,34)/t15-,16-,18-,19-/m0/s1"
0QE_15_cov,K7J_cov,"InChI=1S/C25H33ClN4O7/c1-15(27-21(32)10-11-22(33)34)23(35)28-16(2)25(37)30-12-6-9-19(30)24(36)29-18(20(31)14-26)13-17-7-4-3-5-8-17/h3-5,7-8,15-16,18-19H,6,9-14H2,1-2H3,(H,27,32)(H,28,35)(H,29,36)(H,33,34)/t15-,16-,18-,19-/m0/s1"
0QE_19_cov,ALV_2_cov,"InChI=1S/C26H38ClN5O7/c1-16(22(34)15-27)29-24(37)19(10-6-7-13-28)31-25(38)20(11-12-23(35)36)32-26(39)21(30-17(2)33)14-18-8-4-3-5-9-18/h3-5,8-9,16,19-21H,6-7,10-15,28H2,1-2H3,(H,29,37)(H,30,33)(H,31,38)(H,32,39)(H,35,36)/t16-,19-,20-,21-/m0/s1"
0QE_20_cov,LYK_1_cov,"InChI=1S/C26H48ClN11O7/c1-15(39)35-17(7-4-12-33-25(29)30)22(43)38-19(9-10-21(41)42)24(45)37-18(8-5-13-34-26(31)32)23(44)36-16(20(40)14-27)6-2-3-11-28/h16-19H,2-14,28H2,1H3,(H,35,39)(H,36,44)(H,37,45)(H,38,43)(H,41,42)(H4,29,30,33)(H4,31,32,34)/t16-,17-,18-,19-/m0/s1"
0QE_21_cov,AR7_3_cov,"InChI=1S/C26H48ClN9O6/c1-15(2)13-20(25(42)34-17(21(38)14-27)8-6-12-32-26(30)31)36-24(41)19(9-10-22(29)39)35-23(40)18(33-16(3)37)7-4-5-11-28/h15,17-20H,4-14,28H2,1-3H3,(H2,29,39)(H,33,37)(H,34,42)(H,35,40)(H,36,41)(H4,30,31,32)/t17-,18-,19-,20-/m0/s1"
0QE_23_cov,LYK_2_cov,"InChI=1S/C28H44ClN7O14/c1-12(2)23(31)28(50)36-17(10-22(44)45)27(49)35-16(9-21(42)43)26(48)34-15(8-20(40)41)25(47)33-14(7-19(38)39)24(46)32-13(18(37)11-29)5-3-4-6-30/h12-17,23H,3-11,30-31H2,1-2H3,(H,32,46)(H,33,47)(H,34,48)(H,35,49)(H,36,50)(H,38,39)(H,40,41)(H,42,43)(H,44,45)/t13-,14-,15-,16-,17-,23-/m0/s1"
0QE_25_cov,AR7_4_cov,"InChI=1S/C31H41ClN8O6/c1-17(41)27(30(46)38-24(26(43)15-32)7-4-12-36-31(34)35)40-29(45)25(13-18-8-10-20(42)11-9-18)39-28(44)22(33)14-19-16-37-23-6-3-2-5-21(19)23/h2-3,5-6,8-11,16-17,22,24-25,27,37,41-42H,4,7,12-15,33H2,1H3,(H,38,46)(H,39,44)(H,40,45)(H4,34,35,36)/t17-,22+,24+,25+,27+/m1/s1"
0QE_26_cov,AR7_2_cov,"InChI=1S/C34H66ClN11O5/c1-4-5-6-7-8-9-10-18-28(48)43-25(17-14-21-42-34(39)40)31(50)46-29(23(2)3)32(51)45-26(15-11-12-19-36)30(49)44-24(27(47)22-35)16-13-20-41-33(37)38/h23-26,29H,4-22,36H2,1-3H3,(H,43,48)(H,44,49)(H,45,51)(H,46,50)(H4,37,38,41)(H4,39,40,42)/t24-,25-,26-,29-/m0/s1"
0QE_3_cov,ALV_1_cov,"InChI=1S/C20H31ClN4O7/c1-11(15(26)10-21)23-19(30)14-6-5-9-25(14)20(31)13(3)24-18(29)12(2)22-16(27)7-8-17(28)32-4/h11-14H,5-10H2,1-4H3,(H,22,27)(H,23,30)(H,24,29)/t11-,12-,13-,14-/m0/s1"
0QE_5_cov,AKZ_cov,"InChI=1S/C21H31ClN4O11/c1-9(2)18(21(37)25-12(6-16(31)32)14(28)8-22)26-19(35)11(4-5-15(29)30)24-20(36)13(7-17(33)34)23-10(3)27/h9,11-13,18H,4-8H2,1-3H3,(H,23,27)(H,24,36)(H,25,37)(H,26,35)(H,29,30)(H,31,32)(H,33,34)/t11-,12-,13-,18-/m0/s1"
0QE_7_cov,HPH_1_cov,"InChI=1S/C22H24ClN3O5/c23-12-19(27)18(11-16-7-3-1-4-8-16)26-21(29)14-24-20(28)13-25-22(30)31-15-17-9-5-2-6-10-17/h1-10,18H,11-15H2,(H,24,28)(H,25,30)(H,26,29)/t18-/m0/s1"
0QE_7_cov,Y3A_cov,"InChI=1S/C22H24ClN3O5/c23-12-19(27)18(11-16-7-3-1-4-8-16)26-21(29)14-24-20(28)13-25-22(30)31-15-17-9-5-2-6-10-17/h1-10,18H,11-15H2,(H,24,28)(H,25,30)(H,26,29)/t18-/m0/s1"
0QE_9_cov,VAI_1_cov,"InChI=1S/C22H35ClN4O7/c1-12(2)19(16(28)11-23)26-21(32)15-7-6-10-27(15)22(33)14(4)25-20(31)13(3)24-17(29)8-9-18(30)34-5/h12-15,19H,6-11H2,1-5H3,(H,24,29)(H,25,31)(H,26,32)/t13-,14-,15-,19-/m0/s1"
0RJ_cov,SR3_cov,"InChI=1S/C10H12N2O8S/c1-10(9(17)20-3-4(11)13)7(8(15)16)12-5(14)2-6(12)21(10,18)19/h6-7H,2-3H2,1H3,(H2,11,13)(H,15,16)/t6-,7+,10-/m1/s1"
0TI_cov,72R_cov,"InChI=1S/C8H4FNO2/c9-4-1-2-6-5(3-4)7(11)8(12)10-6/h1-3H,(H,10,11,12)"
0TI_cov,WV0_cov,"InChI=1S/C8H4FNO2/c9-4-1-2-6-5(3-4)7(11)8(12)10-6/h1-3H,(H,10,11,12)"
0Z6_cov,2YT_cov,"InChI=1S/C25H33ClN6O3/c26-16-22(33)20(12-7-13-30-25(28)29)31-24(35)21(15-18-10-5-2-6-11-18)32-23(34)19(27)14-17-8-3-1-4-9-17/h1-6,8-11,19-21H,7,12-16,27H2,(H,31,35)(H,32,34)(H4,28,29,30)/t19-,20-,21-/m0/s1"
0ZW_cov,0ZY_cov,"InChI=1S/C21H43BN4O7/c1-14(2)17(26-18(28)15(3)24-20(30)33-21(4,5)6)19(29)25-16(10-7-8-11-23)22(31)32-13-9-12-27/h14-17,27,31H,7-13,23H2,1-6H3,(H,24,30)(H,25,29)(H,26,28)/t15-,16-,17-/m0/s1"
13P_cov,G3H_2_cov,"InChI=1S/C3H7O6P/c4-1-3(5)2-9-10(6,7)8/h4H,1-2H2,(H2,6,7,8)"
13P_cov,G3P_3_cov,"InChI=1S/C3H7O6P/c4-1-3(5)2-9-10(6,7)8/h4H,1-2H2,(H2,6,7,8)"
13P_cov,U8Z_cov,"InChI=1S/C3H7O6P/c4-1-3(5)2-9-10(6,7)8/h4H,1-2H2,(H2,6,7,8)"
1E8_cov,8E8_cov,"InChI=1S/C25H24N6O2/c1-2-21(32)30-14-6-7-18(15-30)31-25-22(24(26)27-16-28-25)23(29-31)17-10-12-20(13-11-17)33-19-8-4-3-5-9-19/h2-5,8-13,16,18H,1,6-7,14-15H2,(H2,26,27,28)/t18-/m1/s1"
1JZ_cov,GBS_3_cov,"InChI=1S/C20H22N4O5/c1-24(2)17(25)12-28-18(26)11-13-3-9-16(10-4-13)29-19(27)14-5-7-15(8-6-14)23-20(21)22/h3-10H,11-12H2,1-2H3,(H4,21,22,23)"
1N0_cov,LCY_1_cov,"InChI=1S/C14H16N2O4/c17-11-5-6-12(18)15(11)9-3-1-2-4-10-16-13(19)7-8-14(16)20/h5-8H,1-4,9-10H2"
1QL_cov,1S7_cov,"InChI=1S/C16H17N3O7S2/c1-25-16(18-10(20)5-9-3-2-4-27-9)13(23)19-11(12(21)22)8(6-26-15(17)24)7-28-14(16)19/h2-4,14H,5-7H2,1H3,(H2,17,24)(H,18,20)(H,21,22)/t14-,16+/m1/s1"
1RG_cov,2RG_cov,"InChI=1S/C22H25N3O7S/c1-9-16-15(10(2)26)20(28)25(16)17(22(31)32)18(9)33-13-7-14(23-8-13)19(27)24-12-5-3-4-11(6-12)21(29)30/h3-6,9-10,13-16,23,26H,7-8H2,1-2H3,(H,24,27)(H,29,30)(H,31,32)/t9-,10-,13+,14+,15-,16-/m1/s1"
1XG_cov,CER_cov,"InChI=1S/C12H17NO3/c1-2-3-4-5-6-7-8-9(14)10-11(16-10)12(13)15/h2-3,5-6,10-11H,4,7-8H2,1H3,(H2,13,15)/b3-2+,6-5+/t10-,11-/m1/s1"
1XG_cov,HVV_cov,"InChI=1S/C12H17NO3/c1-2-3-4-5-6-7-8-9(14)10-11(16-10)12(13)15/h2-3,5-6,10-11H,4,7-8H2,1H3,(H2,13,15)/b3-2+,6-5+/t10-,11-/m1/s1"
2HA_cov,PDO_cov,"InChI=1S/C3H6O3/c4-1-3(6)2-5/h4-5H,1-2H2"
2JX_cov,2P3_cov,"InChI=1S/C20H16N6O4S2/c1-3-7-13-11(5-1)27-9-15(29-13)17-21-19(25-23-17)31-32-20-22-18(24-26-20)16-10-28-12-6-2-4-8-14(12)30-16/h1-8,15-16H,9-10H2,(H,21,23,25)(H,22,24,26)"
2L0_cov,2LR_cov,"InChI=1S/C29H45N3O6/c1-18(2)13-22(25(33)29(7)17-38-29)30-26(34)23(14-19(3)4)31-27(35)24(15-20(5)6)32-28(36)37-16-21-11-9-8-10-12-21/h8-12,18-20,22-24H,13-17H2,1-7H3,(H,30,34)(H,31,35)(H,32,36)/t22-,23-,24-,29+/m0/s1"
2LJ_cov,Q87_cov,"InChI=1S/C12H18N4O7/c1-5(18)2-13-8-10(15-12(23)16-11(8)22)14-3-6(19)9(21)7(20)4-17/h2,6-7,9,17,19-21H,3-4H2,1H3,(H3,14,15,16,22,23)/b13-2+/t6-,7+,9-/m0/s1"
2OY_cov,CKC_1_cov,"InChI=1S/C14H21ClN2O3S/c1-11-5-7-12(8-6-11)21(19,20)17-13(14(18)10-15)4-2-3-9-16/h5-8,13,17H,2-4,9-10,16H2,1H3/t13-/m0/s1"
2OY_cov,TCK_cov,"InChI=1S/C14H21ClN2O3S/c1-11-5-7-12(8-6-11)21(19,20)17-13(14(18)10-15)4-2-3-9-16/h5-8,13,17H,2-4,9-10,16H2,1H3/t13-/m0/s1"
2VS_cov,6OA_cov,"InChI=1S/C6H6O4/c7-4-2-1-3-5(8)6(9)10/h1-4,8H,(H,9,10)/b2-1+,5-3-"
30W_cov,TKG_cov,"InChI=1S/C9H7N5O3/c1-4(16)11-9-13-7-6(8(17)14-9)12-5(3-15)2-10-7/h2-3H,1H3,(H2,10,11,13,14,16,17)"
3BV_cov,GWZ_cov,"InChI=1S/C40H57N5O7/c1-27(2)22-32(36(47)40(5)26-52-40)42-39(50)34(24-30-14-10-7-11-15-30)44-38(49)33(23-28(3)4)43-37(48)31(17-16-29-12-8-6-9-13-29)41-35(46)25-45-18-20-51-21-19-45/h6-15,27-28,31-34H,16-26H2,1-5H3,(H,41,46)(H,42,50)(H,43,48)(H,44,49)/t31-,32-,33-,34-,40+/m0/s1"
3DS_cov,DHS_2_cov,"InChI=1S/C7H8O5/c8-4-1-3(7(11)12)2-5(9)6(4)10/h1,5-6,9-10H,2H2,(H,11,12)/t5-,6-/m1/s1"
3NK_cov,LLK_cov,"InChI=1S/C15H14O3/c1-10(16)7-15(17)13-4-3-12-9-14(18-2)6-5-11(12)8-13/h3-6,8-9H,7H2,1-2H3"
3P7_cov,MOX_cov,"InChI=1S/C20H20N6O9S/c1-25-19(22-23-24-25)36-8-10-7-35-18-20(34-2,17(33)26(18)13(10)16(31)32)21-14(28)12(15(29)30)9-3-5-11(27)6-4-9/h3-6,12,18,27H,7-8H2,1-2H3,(H,21,28)(H,29,30)(H,31,32)/t12-,18+,20-/m0/s1"
3P7_cov,MX1_cov,"InChI=1S/C20H20N6O9S/c1-25-19(22-23-24-25)36-8-10-7-35-18-20(34-2,17(33)26(18)13(10)16(31)32)21-14(28)12(15(29)30)9-3-5-11(27)6-4-9/h3-6,12,18,27H,7-8H2,1-2H3,(H,21,28)(H,29,30)(H,31,32)/t12-,18+,20-/m0/s1"
4DS_cov,4KU_cov,"InChI=1S/C16H10N2O6S4/c19-27(20,21)15-7-13(17-9-25)5-3-11(15)1-2-12-4-6-14(18-10-26)8-16(12)28(22,23)24/h1-8H,(H,19,20,21)(H,22,23,24)/b2-1+"
4J6_cov,5R7_cov,"InChI=1S/C15H24N4O6S2/c1-6-11-10(7(2)20)14(21)19(11)12(15(22)23)13(6)26-9-3-8(17-5-9)4-18-27(16,24)25/h6-11,17-18,20H,3-5H2,1-2H3,(H,22,23)(H2,16,24,25)/t6-,7-,8+,9+,10-,11-/m1/s1"
4J6_cov,DRW_cov,"InChI=1S/C15H24N4O6S2/c1-6-11-10(7(2)20)14(21)19(11)12(15(22)23)13(6)26-9-3-8(17-5-9)4-18-27(16,24)25/h6-11,17-18,20H,3-5H2,1-2H3,(H,22,23)(H2,16,24,25)/t6-,7-,8+,9+,10-,11-/m1/s1"
4OJ_cov,TQV_cov,"InChI=1S/C14H13O4P/c1-11-6-2-4-8-13(11)17-19(15)16-10-12-7-3-5-9-14(12)18-19/h2-9H,10H2,1H3"
58U_cov,BMG_cov,"InChI=1S/C15H18N4O4S/c1-7-11-10(8(2)20)14(21)19(11)12(15(22)23)13(7)24-9-3-17-5-16-6-18(17)4-9/h5-11,20H,3-4H2,1-2H3/p+1/t7-,8-,10-,11-/m1/s1"
5KO_cov,DGF_cov,"InChI=1S/C12H15NO5S/c1-5(14)7-10(15)13-8(12(16)17)9(19-11(7)13)6-3-2-4-18-6/h5-7,11,14H,2-4H2,1H3,(H,16,17)/t5-,6-,7+,11-/m1/s1"
5KO_cov,R0B_cov,"InChI=1S/C12H15NO5S/c1-5(14)7-10(15)13-8(12(16)17)9(19-11(7)13)6-3-2-4-18-6/h5-7,11,14H,2-4H2,1H3,(H,16,17)/t5-,6-,7+,11-/m1/s1"
5KO_cov,SFR_cov,"InChI=1S/C12H15NO5S/c1-5(14)7-10(15)13-8(12(16)17)9(19-11(7)13)6-3-2-4-18-6/h5-7,11,14H,2-4H2,1H3,(H,16,17)/t5-,6-,7+,11-/m1/s1"
66U_cov,K35_2_cov,"InChI=1S/C7H13NO4/c9-1-2-3-4(8-3)6(11)7(12)5(2)10/h2-12H,1H2/t2-,3-,4+,5+,6-,7-/m0/s1"
6AZ_cov,U5P_2_cov,"InChI=1S/C9H12N5O9P/c10-13-12-4-1-5(15)11-9(18)14(4)8-7(17)6(16)3(23-8)2-22-24(19,20)21/h1,3,6-8,16-17H,2H2,(H,11,15,18)(H2,19,20,21)/t3-,6-,7-,8-/m1/s1"
6AZ_cov,U5P_3_cov,"InChI=1S/C9H12N5O9P/c10-13-12-4-1-5(15)11-9(18)14(4)8-7(17)6(16)3(23-8)2-22-24(19,20)21/h1,3,6-8,16-17H,2H2,(H,11,15,18)(H2,19,20,21)/t3-,6-,7-,8-/m1/s1"
6CN_cov,U1P_cov,"InChI=1S/C10H12N3O9P/c11-2-4-1-6(14)12-10(17)13(4)9-8(16)7(15)5(22-9)3-21-23(18,19)20/h1,5,7-9,15-16H,3H2,(H,12,14,17)(H2,18,19,20)/t5-,7-,8-,9-/m1/s1"
6FP_cov,JSO_cov,"InChI=1S/C7H5N5O2/c8-7-11-5-4(6(14)12-7)10-3(2-13)1-9-5/h1-2H,(H3,8,9,11,12,14)"
6M4_cov,6M9_cov,"InChI=1S/C7H7BO2/c9-8-7-4-2-1-3-6(7)5-10-8/h1-4,9H,5H2"
6OB_cov,6OC_cov,"InChI=1S/C18H28O3/c1-2-3-4-5-6-7-8-9-10-11-14-17(19)15-12-13-16-18(20)21/h6-7,9-11,14H,2-5,8,12-13,15-16H2,1H3,(H,20,21)/b7-6-,10-9+,14-11+"
6R3_cov,A5P_cov,"InChI=1S/C5H11O8P/c6-1-3(7)5(9)4(8)2-13-14(10,11)12/h1,3-5,7-9H,2H2,(H2,10,11,12)"
6R3_cov,R5P_cov,"InChI=1S/C5H11O8P/c6-1-3(7)5(9)4(8)2-13-14(10,11)12/h1,3-5,7-9H,2H2,(H2,10,11,12)"
6VF_cov,EP9_cov,"InChI=1S/C30H39N3O7/c1-19(2)14-25(28(37)31-24(27(36)17-34)16-21-10-12-23(35)13-11-21)32-29(38)26(15-20(3)4)33-30(39)40-18-22-8-6-5-7-9-22/h5-13,17,19-20,24-26,35H,14-16,18H2,1-4H3,(H,31,37)(H,32,38)(H,33,39)/t24-,25-,26-/m0/s1"
74M_cov,WRH_cov,"InChI=1S/C19H31N3O6/c1-5-9-20-16(23)14-15(28-14)17(24)21-13(11(3)6-2)18(25)22-10-7-8-12(22)19(26)27-4/h11-15H,5-10H2,1-4H3,(H,20,23)(H,21,24)/t11-,12-,13-,14-,15-/m0/s1"
7K8_cov,NOH_cov,"InChI=1S/C9H14N3O8P/c13-5-3-8(20-6(5)4-19-21(16,17)18)12-2-1-7(11-15)10-9(12)14/h1-2,5-6,8,13,15H,3-4H2,(H,10,11,14)(H2,16,17,18)/t5-,6+,8+/m0/s1"
7QP_cov,Y8P_cov,"InChI=1S/C16H17F2N2O7P/c1-8-14(21)12(10(5-19-8)7-27-28(24,25)26)6-20-13-4-9(16(22)23)2-3-11(13)15(17)18/h4-5,21H,2-3,6-7H2,1H3,(H,22,23)(H2,24,25,26)"
800_cov,EJF_cov,"InChI=1S/C27H37N5O5/c1-15(2)11-21(25(35)29-19(14-33)12-18-9-10-28-24(18)34)31-27(37)23(16(3)4)32-26(36)22-13-17-7-5-6-8-20(17)30-22/h5-8,13-16,18-19,21,23,30H,9-12H2,1-4H3,(H,28,34)(H,29,35)(H,31,37)(H,32,36)/t18-,19-,21-,23-/m0/s1"
8JC_cov,8OV_cov,"InChI=1S/C27H28F3N7O3/c1-4-24(39)32-18-6-5-7-19(14-18)33-25-21(27(28,29)30)16-31-26(35-25)34-22-9-8-20(15-23(22)40-3)37-12-10-36(11-13-37)17(2)38/h4-9,14-16H,1,10-13H2,2-3H3,(H,32,39)(H2,31,33,34,35)"
8MD_cov,AVH_cov,"InChI=1S/C8H12O/c1-2-6-3-4-7-8(5-6)9-7/h2,6-8H,1,3-5H2/t6-,7+,8+/m1/s1"
8MD_cov,BVH_cov,"InChI=1S/C8H12O/c1-2-6-3-4-7-8(5-6)9-7/h2,6-8H,1,3-5H2/t6-,7+,8+/m1/s1"
8MD_cov,DVH_cov,"InChI=1S/C8H12O/c1-2-6-3-4-7-8(5-6)9-7/h2,6-8H,1,3-5H2/t6-,7+,8+/m1/s1"
8VY_cov,B74_cov,"InChI=1S/C8H8Br2/c9-5-7-2-1-3-8(4-7)6-10/h1-4H,5-6H2"
8WY_cov,DO2_cov,"InChI=1S/C6H9N3O3/c7-5(6(11)12)2-1-4(10)3-9-8/h3,5H,1-2,7H2,(H,11,12)/t5-/m0/s1"
8WY_cov,DON_cov,"InChI=1S/C6H9N3O3/c7-5(6(11)12)2-1-4(10)3-9-8/h3,5H,1-2,7H2,(H,11,12)/t5-/m0/s1"
8WY_cov,LDO_cov,"InChI=1S/C6H9N3O3/c7-5(6(11)12)2-1-4(10)3-9-8/h3,5H,1-2,7H2,(H,11,12)/t5-/m0/s1"
8WY_cov,ONL_2_cov,"InChI=1S/C6H9N3O3/c7-5(6(11)12)2-1-4(10)3-9-8/h3,5H,1-2,7H2,(H,11,12)/t5-/m0/s1"
9CP_cov,JXG_cov,"InChI=1S/C8H11N3O6S/c1-4-2-5-3-10(6(4)7(9)12)8(13)11(5)17-18(14,15)16/h2,5-6H,3H2,1H3,(H2,9,12)(H,14,15,16)/t5-,6-/m0/s1"
9EP_cov,CEO_cov,"InChI=1S/C16H16N2O6S2/c1-8(19)24-6-9-7-26-15-12(14(21)18(15)13(9)16(22)23)17-11(20)5-10-3-2-4-25-10/h2-4,12,15H,5-7H2,1H3,(H,17,20)(H,22,23)/t12-,15-/m1/s1"
9EP_cov,CEP_cov,"InChI=1S/C16H16N2O6S2/c1-8(19)24-6-9-7-26-15-12(14(21)18(15)13(9)16(22)23)17-11(20)5-10-3-2-4-25-10/h2-4,12,15H,5-7H2,1H3,(H,17,20)(H,22,23)/t12-,15-/m1/s1"
9EP_cov,KCP_cov,"InChI=1S/C16H16N2O6S2/c1-8(19)24-6-9-7-26-15-12(14(21)18(15)13(9)16(22)23)17-11(20)5-10-3-2-4-25-10/h2-4,12,15H,5-7H2,1H3,(H,17,20)(H,22,23)/t12-,15-/m1/s1"
A0Y_cov,0NE_cov,"InChI=1S/C9H9BF3N5O4S/c11-9(12,13)6-3-5(8-15-17-18-16-8)1-2-7(6)23(21,22)14-4-10(19)20/h1-3,14,19-20H,4H2,(H,15,16,17,18)"
A16_cov,GLC_2_cov,"InChI=1S/C25H43NO18/c1-6-11(26-8-2-7(3-27)12(30)15(33)13(8)31)14(32)19(37)24(40-6)43-22-10(5-29)42-25(20(38)17(22)35)44-21-9(4-28)41-23(39)18(36)16(21)34/h2,6,8-39H,3-5H2,1H3/t6-,8+,9-,10-,11-,12-,13+,14+,15+,16-,17-,18-,19-,20-,21-,22-,23-,24-,25-/m1/s1"
A1AEQ_cov,ZFG_cov,"InChI=1S/C16H17NOS/c1-12(10-11-18)15-8-9-16(19-15)13-4-6-14(7-5-13)17(2)3/h4-11H,1-3H3/b12-10+"
A1AFR_cov,TZ0_cov,"InChI=1S/C22H22N6O3/c1-4-19(29)27-8-7-15(12-27)28-22-20(21(23)24-13-25-22)18(26-28)6-5-14-9-16(30-2)11-17(10-14)31-3/h4,9-11,13,15H,1,7-8,12H2,2-3H3,(H2,23,24,25)/t15-/m0/s1"
A1AGA_cov,A1AGB_cov,"InChI=1S/C26H35FN4O6/c1-16(2)10-22(25(35)29-20(14-32)12-18-8-9-28-24(18)34)30-26(36)37-15-21-6-7-23(33)31(21)13-17-4-3-5-19(27)11-17/h3-5,11,14,16,18,20-22H,6-10,12-13,15H2,1-2H3,(H,28,34)(H,29,35)(H,30,36)/t18-,20-,21-,22-/m0/s1"
A1AGE_cov,A1AGF_cov,"InChI=1S/C26H36N4O6/c1-17(2)12-22(25(34)28-20(15-31)13-19-10-11-27-24(19)33)29-26(35)36-16-21-8-9-23(32)30(21)14-18-6-4-3-5-7-18/h3-7,15,17,19-22H,8-14,16H2,1-2H3,(H,27,33)(H,28,34)(H,29,35)/t19-,20-,21-,22-/m0/s1"
A1AGG_cov,A1AGH_cov,"InChI=1S/C26H36N4O6/c1-2-6-22(25(34)28-20(16-31)15-19-11-13-27-24(19)33)29-26(35)36-17-21-9-10-23(32)30(21)14-12-18-7-4-3-5-8-18/h3-5,7-8,16,19-22H,2,6,9-15,17H2,1H3,(H,27,33)(H,28,34)(H,29,35)/t19-,20-,21-,22-/m0/s1"
A1AGI_cov,A1AGJ_cov,"InChI=1S/C26H35ClN4O6/c1-16(2)10-22(25(35)29-20(14-32)12-18-8-9-28-24(18)34)30-26(36)37-15-21-6-7-23(33)31(21)13-17-4-3-5-19(27)11-17/h3-5,11,14,16,18,20-22H,6-10,12-13,15H2,1-2H3,(H,28,34)(H,29,35)(H,30,36)/t18-,20-,21-,22-/m0/s1"
A1AGK_cov,A1AGL_cov,"InChI=1S/C27H44N4O6/c1-18(2)14-23(26(35)29-21(16-32)15-20-10-12-28-25(20)34)30-27(36)37-17-22-8-9-24(33)31(22)13-11-19-6-4-3-5-7-19/h16,18-23H,3-15,17H2,1-2H3,(H,28,34)(H,29,35)(H,30,36)/t20-,21-,22-,23-/m0/s1"
A1AGM_cov,A1AGN_cov,"InChI=1S/C27H42N4O6/c1-16(2)9-23(26(35)29-21(14-32)12-19-7-8-28-25(19)34)30-27(36)37-15-22-5-6-24(33)31(22)13-20-11-17-3-4-18(20)10-17/h14,16-23H,3-13,15H2,1-2H3,(H,28,34)(H,29,35)(H,30,36)/t17-,18+,19+,20-,21+,22+,23+/m1/s1"
A1AGO_cov,A1AGP_cov,"InChI=1S/C26H40F2N4O6/c1-16(2)11-21(24(36)30-19(14-33)12-18-7-10-29-23(18)35)31-25(37)38-15-20-3-4-22(34)32(20)13-17-5-8-26(27,28)9-6-17/h14,16-21H,3-13,15H2,1-2H3,(H,29,35)(H,30,36)(H,31,37)/t18-,19-,20-,21-/m0/s1"
A1AGQ_cov,A1AGR_cov,"InChI=1S/C27H40N4O6/c1-16(2)9-23(26(35)29-21(14-32)12-19-7-8-28-25(19)34)30-27(36)37-15-22-5-6-24(33)31(22)13-20-11-17-3-4-18(20)10-17/h3-4,14,16-23H,5-13,15H2,1-2H3,(H,28,34)(H,29,35)(H,30,36)/t17-,18+,19+,20-,21+,22+,23+/m1/s1"
A1AGS_cov,A1AGT_cov,"InChI=1S/C27H34F2N4O8/c1-15(2)9-20(25(37)31-18(13-34)11-17-7-8-30-24(17)36)32-26(38)39-14-19-4-6-23(35)33(19)12-16-3-5-21-22(10-16)41-27(28,29)40-21/h3,5,10,13,15,17-20H,4,6-9,11-12,14H2,1-2H3,(H,30,36)(H,31,37)(H,32,38)/t17-,18-,19-,20-/m0/s1"
A1AGU_cov,A1AGV_cov,"InChI=1S/C27H40N4O6/c1-16(2)7-23(26(35)29-22(14-32)11-20-5-6-28-25(20)34)30-27(36)37-15-18-10-24(33)31(12-18)13-21-9-17-3-4-19(21)8-17/h3-4,14,16-23H,5-13,15H2,1-2H3,(H,28,34)(H,29,35)(H,30,36)/t17-,18+,19+,20+,21+,22+,23+/m1/s1"
A1AGW_cov,A1AGX_cov,"InChI=1S/C26H42N4O6/c1-17(2)12-22(25(34)28-20(15-31)13-19-10-11-27-24(19)33)29-26(35)36-16-21-8-9-23(32)30(21)14-18-6-4-3-5-7-18/h15,17-22H,3-14,16H2,1-2H3,(H,27,33)(H,28,34)(H,29,35)/t19-,20-,21-,22-/m0/s1"
A1AGY_cov,A1AGZ_cov,"InChI=1S/C26H42N4O6/c1-17(2)12-22(25(34)28-20(15-31)13-19-10-11-27-24(19)33)29-26(35)36-16-21-8-9-23(32)30(21)14-18-6-4-3-5-7-18/h15,17-22H,3-14,16H2,1-2H3,(H,27,33)(H,28,34)(H,29,35)/t19-,20-,21+,22-/m0/s1"
A1M_cov,0N4_cov,"InChI=1S/C8H10BN5O4S/c15-9(16)5-10-19(17,18)7-3-1-6(2-4-7)8-11-13-14-12-8/h1-4,10,15-16H,5H2,(H,11,12,13,14)"
AC0_cov,FL0_cov,"InChI=1S/C8H7BrO/c9-6-8(10)7-4-2-1-3-5-7/h1-5H,6H2"
AIX_cov,NW3_cov,"InChI=1S/C16H19N3O4S/c1-16(2)11(15(22)23)19-13(21)10(14(19)24-16)18-12(20)9(17)8-6-4-3-5-7-8/h3-7,9-11,14H,17H2,1-2H3,(H,18,20)(H,22,23)/t9-,10-,11+,14-/m1/s1"
AIX_cov,ZZ7_cov,"InChI=1S/C16H19N3O4S/c1-16(2)11(15(22)23)19-13(21)10(14(19)24-16)18-12(20)9(17)8-6-4-3-5-7-8/h3-7,9-11,14H,17H2,1-2H3,(H,18,20)(H,22,23)/t9-,10-,11+,14-/m1/s1"
AR7_1_cov,OAR_1_cov,"InChI=1S/C20H38N6O4/c1-12(2)9-16(24-14(5)28)19(30)26-17(10-13(3)4)18(29)25-15(11-27)7-6-8-23-20(21)22/h11-13,15-17H,6-10H2,1-5H3,(H,24,28)(H,25,29)(H,26,30)(H4,21,22,23)/t15-,16-,17-/m0/s1"
ASA_1_cov,ASJ_4_cov,"InChI=1S/C20H30N4O11/c1-9(2)17(20(35)22-11(8-25)6-15(29)30)24-18(33)12(4-5-14(27)28)23-19(34)13(7-16(31)32)21-10(3)26/h8-9,11-13,17H,4-7H2,1-3H3,(H,21,26)(H,22,35)(H,23,34)(H,24,33)(H,27,28)(H,29,30)(H,31,32)/t11-,12-,13-,17-/m0/s1"
ASA_2_cov,ASJ_10_cov,"InChI=1S/C22H36N4O9/c1-6-12(4)19(22(35)24-14(10-27)9-17(31)32)26-20(33)15(7-8-16(29)30)25-21(34)18(11(2)3)23-13(5)28/h10-12,14-15,18-19H,6-9H2,1-5H3,(H,23,28)(H,24,35)(H,25,34)(H,26,33)(H,29,30)(H,31,32)/t12-,14-,15-,18-,19-/m0/s1"
ASA_3_cov,ASJ_11_cov,"InChI=1S/C23H32N4O8/c1-12(2)20(23(35)24-13(3)21(33)26-16(11-28)10-19(31)32)27-22(34)18(25-14(4)29)9-15-5-7-17(30)8-6-15/h5-8,11-13,16,18,20,30H,9-10H2,1-4H3,(H,24,35)(H,25,29)(H,26,33)(H,27,34)(H,31,32)/t13-,16-,18-,20-/m0/s1"
ASA_4_cov,ASJ_13_cov,"InChI=1S/C24H37N5O13/c1-11(2)6-15(25-12(3)32)22(40)28-16(8-20(37)38)23(41)27-14(4-5-18(33)34)21(39)29-17(10-31)24(42)26-13(9-30)7-19(35)36/h9,11,13-17,31H,4-8,10H2,1-3H3,(H,25,32)(H,26,42)(H,27,41)(H,28,40)(H,29,39)(H,33,34)(H,35,36)(H,37,38)/t13-,14-,15-,16-,17-/m0/s1"
ATJ_cov,NTJ_cov,"InChI=1S/C5H11N2O2P/c1-4-9-10(8,5-6)7(2)3/h4H2,1-3H3/t10-/m0/s1"
AVU_1_cov,AVW_1_cov,"InChI=1S/C21H26FN7O13P2/c22-12-14(30)10(40-20(12)28-3-1-2-9(4-28)18(24)33)5-38-43(34,35)42-44(36,37)39-6-11-15(31)16(32)21(41-11)29-8-27-13-17(23)25-7-26-19(13)29/h1-4,7-8,10-12,14-16,20-21,30-32H,5-6H2,(H5-,23,24,25,26,33,34,35,36,37)/p+1/t10-,11-,12+,14-,15-,16-,20-,21-/m1/s1"
AVY_cov,B3J_cov,"InChI=1S/C31H46N4O7/c1-21(2)17-25(27(38)33-24(20-36)18-23-11-14-32-26(23)37)34-28(39)41-31(19-22-9-7-6-8-10-22)12-15-35(16-13-31)29(40)42-30(3,4)5/h6-10,20-21,23-25H,11-19H2,1-5H3,(H,32,37)(H,33,38)(H,34,39)/t23-,24-,25-/m0/s1"
AW4_cov,B3G_cov,"InChI=1S/C22H30ClN3O5/c1-14(2)10-19(21(29)25-18(13-27)12-16-6-8-24-20(16)28)26-22(30)31-9-7-15-4-3-5-17(23)11-15/h3-5,11,13-14,16,18-19H,6-10,12H2,1-2H3,(H,24,28)(H,25,29)(H,26,30)/t16-,18-,19-/m0/s1"
B1S_cov,K36_cov,"InChI=1S/C21H29N3O5/c1-14(2)10-18(24-21(28)29-13-15-6-4-3-5-7-15)20(27)23-17(12-25)11-16-8-9-22-19(16)26/h3-7,12,14,16-18H,8-11,13H2,1-2H3,(H,22,26)(H,23,27)(H,24,28)/t16-,17-,18-/m0/s1"
B1S_cov,UED_1_cov,"InChI=1S/C21H29N3O5/c1-14(2)10-18(24-21(28)29-13-15-6-4-3-5-7-15)20(27)23-17(12-25)11-16-8-9-22-19(16)26/h3-7,12,14,16-18H,8-11,13H2,1-2H3,(H,22,26)(H,23,27)(H,24,28)/t16-,17-,18-/m0/s1"
B1S_cov,UED_2_cov,"InChI=1S/C21H29N3O5/c1-14(2)10-18(24-21(28)29-13-15-6-4-3-5-7-15)20(27)23-17(12-25)11-16-8-9-22-19(16)26/h3-7,12,14,16-18H,8-11,13H2,1-2H3,(H,22,26)(H,23,27)(H,24,28)/t16-,17-,18-/m0/s1"
B6Y_cov,N02_cov,"InChI=1S/C26H44N4O7/c1-7-26(9-12-30(13-10-26)24(35)37-25(4,5)6)36-23(34)29-20(14-17(2)3)22(33)28-19(16-31)15-18-8-11-27-21(18)32/h16-20H,7-15H2,1-6H3,(H,27,32)(H,28,33)(H,29,34)/t18-,19-,20-/m0/s1"
BAA_cov,BAF_cov,"InChI=1S/C18H24N4O8/c1-10(20-17(26)29-18(3,4)5)14(23)19-11(2)15(24)21-30-16(25)12-6-8-13(9-7-12)22(27)28/h6-11H,1-5H3,(H,19,23)(H,20,26)(H,21,24)/t10-,11-/m0/s1"
BH6_cov,ZA2_cov,"InChI=1S/C8H9BClNO3/c10-7-4-2-1-3-6(7)8(12)11-5-9(13)14/h1-4,13-14H,5H2,(H,11,12)"
BHI_cov,SBH_cov,"InChI=1S/C5H13BrO8P2/c1-5(7,4-6)2-3-13-16(11,12)14-15(8,9)10/h7H,2-4H2,1H3,(H,11,12)(H2,8,9,10)/t5-/m1/s1"
BNO_cov,BOR_2_cov,"InChI=1S/C21H37BN4O8/c1-5-6-9-16(22(32)33)25-20(30)15-8-7-12-26(15)21(31)14(3)24-19(29)13(2)23-17(27)10-11-18(28)34-4/h13-16,32-33H,5-12H2,1-4H3,(H,23,27)(H,24,29)(H,25,30)/t13-,14-,15-,16-/m0/s1"
BTL_cov,CHT_cov,"InChI=1S/C5H12NO/c1-6(2,3)4-5-7/h5H,4H2,1-3H3/q+1"
CAZ_cov,CTJ_cov,"InChI=1S/C22H22N6O7S2/c1-22(2,20(33)34)35-26-13(12-10-37-21(23)24-12)16(29)25-14-17(30)28-15(19(31)32)11(9-36-18(14)28)8-27-6-4-3-5-7-27/h3-7,10,14,18H,8-9H2,1-2H3,(H4-,23,24,25,29,31,32,33,34)/p+1/b26-13-/t14-,18-/m1/s1"
CB4_cov,LP0_cov,"InChI=1S/C10H15BN4O6S/c1-10(2,8(17)18)21-15-6(5-3-22-9(12)14-5)7(16)13-4-11(19)20/h3,19-20H,4H2,1-2H3,(H2,12,14)(H,13,16)(H,17,18)/b15-6+"
CBU_cov,INS_cov,"InChI=1S/C6H10O5/c7-1-2(8)4(10)6-5(11-6)3(1)9/h1-10H/t1-,2-,3+,4+,5-,6+/m0/s1"
CEM_cov,CL5_cov,"InChI=1S/C8H9NO5/c10-2-1-4-7(8(12)13)9-5(11)3-6(9)14-4/h1,6-7,10H,2-3H2,(H,12,13)/b4-1-/t6-,7-/m1/s1"
CEM_cov,FK2_cov,"InChI=1S/C8H9NO5/c10-2-1-4-7(8(12)13)9-5(11)3-6(9)14-4/h1,6-7,10H,2-3H2,(H,12,13)/b4-1-/t6-,7-/m1/s1"
CEM_cov,ISS_cov,"InChI=1S/C8H9NO5/c10-2-1-4-7(8(12)13)9-5(11)3-6(9)14-4/h1,6-7,10H,2-3H2,(H,12,13)/b4-1-/t6-,7-/m1/s1"
CEM_cov,L4A_cov,"InChI=1S/C8H9NO5/c10-2-1-4-7(8(12)13)9-5(11)3-6(9)14-4/h1,6-7,10H,2-3H2,(H,12,13)/b4-1-/t6-,7-/m1/s1"
CEM_cov,LBX_cov,"InChI=1S/C8H9NO5/c10-2-1-4-7(8(12)13)9-5(11)3-6(9)14-4/h1,6-7,10H,2-3H2,(H,12,13)/b4-1-/t6-,7-/m1/s1"
CEM_cov,TEM_cov,"InChI=1S/C8H9NO5/c10-2-1-4-7(8(12)13)9-5(11)3-6(9)14-4/h1,6-7,10H,2-3H2,(H,12,13)/b4-1-/t6-,7-/m1/s1"
CES_cov,DXF_cov,"InChI=1S/C16H16N4O8S/c1-26-19-9(8-3-2-4-27-8)12(21)18-10-13(22)20-11(15(23)24)7(5-28-16(17)25)6-29-14(10)20/h2-4,10,14H,5-6H2,1H3,(H2,17,25)(H,18,21)(H,23,24)/b19-9+/t10-,14-/m1/s1"
CF0_6_cov,GLK_cov,"InChI=1S/C32H41FN4O7/c1-20(2)16-25(34-21(3)38)30(42)36-27(18-23-12-8-5-9-13-23)32(44)37-26(17-22-10-6-4-7-11-22)31(43)35-24(28(39)19-33)14-15-29(40)41/h4-13,20,24-27H,14-19H2,1-3H3,(H,34,38)(H,35,43)(H,36,42)(H,37,44)(H,40,41)/t24-,25-,26-,27-/m0/s1"
CXU_cov,CXV_cov,"InChI=1S/C19H18ClN3O5S/c1-8-11(12(22-28-8)9-6-4-5-7-10(9)20)15(24)21-13-16(25)23-14(18(26)27)19(2,3)29-17(13)23/h4-7,13-14,17H,1-3H3,(H,21,24)(H,26,27)/t13-,14+,17-/m1/s1"
D60_cov,L68_cov,"InChI=1S/C23H16F2N4O3/c1-29-12-17(11-28-29)13-2-4-18(23(31)32)14(6-13)3-5-21(30)22-19(24)7-15(8-20(22)25)16-9-26-27-10-16/h2-12H,1H3,(H,26,27)(H,31,32)/b5-3+"
D7O_cov,Y6K_cov,"InChI=1S/C16H20O5/c1-9-6-16(14(19)20-5)7-10(9)12(17)11(8-16)13(18)21-15(2,3)4/h8,10H,1,6-7H2,2-5H3/t10-,16+/m1/s1"
DAM_cov,MAA_cov,"InChI=1S/C49H74N10O12/c1-26(2)23-37-46(66)58-40(48(69)70)30(6)42(62)55-35(17-14-22-52-49(50)51)45(65)54-34(19-18-27(3)24-28(4)38(71-10)25-33-15-12-11-13-16-33)29(5)41(61)56-36(47(67)68)20-21-39(60)59(9)32(8)44(64)53-31(7)43(63)57-37/h11-13,15-16,18-19,24,26,28-31,34-38,40H,8,14,17,20-23,25H2,1-7,9-10H3,(H,53,64)(H,54,65)(H,55,62)(H,56,61)(H,57,63)(H,58,66)(H,67,68)(H,69,70)(H4,50,51,52)/b19-18+,27-24+/t28-,29-,30-,31+,34-,35-,36+,37-,38-,40+/m0/s1"
DCB_cov,G2F_4_cov,"InChI=1S/C18H23FN2O14/c19-11-13(25)16(35-18-15(27)14(26)12(24)9(4-22)33-18)10(5-23)34-17(11)32-8-2-1-6(20(28)29)3-7(8)21(30)31/h1-3,9-18,22-27H,4-5H2/t9-,10-,11-,12-,13-,14+,15-,16-,17-,18+/m1/s1"
DCB_cov,X2F_2_cov,"InChI=1S/C18H23FN2O14/c19-11-13(25)16(35-18-15(27)14(26)12(24)9(4-22)33-18)10(5-23)34-17(11)32-8-2-1-6(20(28)29)3-7(8)21(30)31/h1-3,9-18,22-27H,4-5H2/t9-,10-,11-,12-,13-,14+,15-,16-,17-,18+/m1/s1"
DEP_1_cov,EFS_1_cov,"InChI=1S/C10H14NO6P/c1-3-15-18(14,16-4-2)17-10-7-5-9(6-8-10)11(12)13/h5-8H,3-4H2,1-2H3"
DEP_4_cov,EFS_2_cov,"InChI=1S/C9H23NO3PS/c1-6-12-14(11,13-7-2)15-9-8-10(3,4)5/h6-9H2,1-5H3/q+1"
DFP_cov,ISP_cov,"InChI=1S/C6H14FO3P/c1-5(2)9-11(7,8)10-6(3)4/h5-6H,1-4H3"
DFX_2_cov,X2F_1_cov,"InChI=1S/C16H19FN2O12/c17-11-13(22)10(31-16-14(23)12(21)8(20)4-28-16)5-29-15(11)30-9-2-1-6(18(24)25)3-7(9)19(26)27/h1-3,8,10-16,20-23H,4-5H2/t8-,10-,11-,12+,13+,14-,15+,16+/m1/s1"
DHK_cov,DHS_1_cov,"InChI=1S/C7H10O6/c8-3-1-7(13,6(11)12)2-4(9)5(3)10/h3,5,8,10,13H,1-2H2,(H,11,12)/t3-,5+,7-/m1/s1"
DHK_cov,DQA_cov,"InChI=1S/C7H10O6/c8-3-1-7(13,6(11)12)2-4(9)5(3)10/h3,5,8,10,13H,1-2H2,(H,11,12)/t3-,5+,7-/m1/s1"
DHK_cov,VAU_cov,"InChI=1S/C7H10O6/c8-3-1-7(13,6(11)12)2-4(9)5(3)10/h3,5,8,10,13H,1-2H2,(H,11,12)/t3-,5+,7-/m1/s1"
DJK_cov,YUN_cov,"InChI=1S/C17H13BrN4O/c1-2-16(23)21-13-6-7-15-14(9-13)17(20-10-19-15)22-12-5-3-4-11(18)8-12/h2-10H,1H2,(H,21,23)(H,19,20,22)"
DN1_cov,DN2_cov,"InChI=1S/C26H29F2N3O7S/c1-13(2)9-18(22(33)29-17(10-19(27)28)20(32)23(34)35)30-25(38)26(11-14-5-3-4-6-16(14)31-26)12-15-7-8-39-21(15)24(36)37/h3-8,13,17-19,31H,9-12H2,1-2H3,(H,29,33)(H,30,38)(H,34,35)(H,36,37)/t17-,18-,26-/m0/s1"
DNU_cov,DWI_cov,"InChI=1S/C34H31F3N6O3/c1-2-22-25(36)8-7-20-5-3-6-23(27(20)22)29-28(37)30-24(16-38-29)31(41-11-13-42(14-12-41)32(44)26-18-45-26)40-33(39-30)46-19-34-9-4-10-43(34)17-21(35)15-34/h1,3,5-8,16,21,26H,4,9-15,17-19H2/t21-,26+,34+/m1/s1"
DV6_cov,LW8_cov,"InChI=1S/C9H15N3O2S/c1-12(2,3)7(8(13)14)4-6-5-10-9(15)11-6/h5,7H,4H2,1-3H3,(H2-,10,11,13,14,15)/p+1/t7-/m0/s1"
DWZ_cov,KE1_cov,"InChI=1S/C17H25N3O5S/c1-7-12-11(8(2)21)16(23)20(12)13(17(24)25)14(7)26-9-5-10(18-6-9)15(22)19(3)4/h7-12,18,21H,5-6H2,1-4H3,(H,24,25)/t7-,8-,9+,10+,11-,12-/m1/s1"
DWZ_cov,MER_cov,"InChI=1S/C17H25N3O5S/c1-7-12-11(8(2)21)16(23)20(12)13(17(24)25)14(7)26-9-5-10(18-6-9)15(22)19(3)4/h7-12,18,21H,5-6H2,1-4H3,(H,24,25)/t7-,8-,9+,10+,11-,12-/m1/s1"
DWZ_cov,MXR_cov,"InChI=1S/C17H25N3O5S/c1-7-12-11(8(2)21)16(23)20(12)13(17(24)25)14(7)26-9-5-10(18-6-9)15(22)19(3)4/h7-12,18,21H,5-6H2,1-4H3,(H,24,25)/t7-,8-,9+,10+,11-,12-/m1/s1"
DWZ_cov,O2F_cov,"InChI=1S/C17H25N3O5S/c1-7-12-11(8(2)21)16(23)20(12)13(17(24)25)14(7)26-9-5-10(18-6-9)15(22)19(3)4/h7-12,18,21H,5-6H2,1-4H3,(H,24,25)/t7-,8-,9+,10+,11-,12-/m1/s1"
E07_cov,EWB_cov,"InChI=1S/C16H18BNO3/c1-12(17(20)21)18-16(19)15-10-6-5-9-14(15)11-13-7-3-2-4-8-13/h2-10,12,20-21H,11H2,1H3,(H,18,19)/t12-/m1/s1"
EBG_cov,EBQ_cov,"InChI=1S/C10H18O7/c11-3-6-7(12)8(13)9(14)10(17-6)15-2-1-5-4-16-5/h5-14H,1-4H2/t5-,6+,7+,8-,9+,10-/m0/s1"
EBG_cov,J5B_cov,"InChI=1S/C10H18O7/c11-3-6-7(12)8(13)9(14)10(17-6)15-2-1-5-4-16-5/h5-14H,1-4H2/t5-,6+,7+,8-,9+,10-/m0/s1"
EDO_cov,HPD_cov,"InChI=1S/C5H11O7P/c6-2-1-4(7)5(8)3-12-13(9,10)11/h2,4-5,7-8H,1,3H2,(H2,9,10,11)/t4-,5+/m0/s1"
EO6_cov,EQS_cov,"InChI=1S/C23H35N5O5/c1-15(2)9-19(21(31)26-17(13-29)10-16-3-6-25-20(16)30)27-22(32)33-18-11-23(12-18)4-7-28(14-24)8-5-23/h13,15-19H,3-12H2,1-2H3,(H,25,30)(H,26,31)(H,27,32)/t16-,17-,19-/m0/s1"
ESS_cov,ET6_cov,"InChI=1S/C21H34N4O7S/c1-13(2)6-17(19(28)23-15(10-26)7-14-4-5-22-18(14)27)24-20(29)32-16-8-21(9-16)11-25(12-21)33(3,30)31/h10,13-17H,4-9,11-12H2,1-3H3,(H,22,27)(H,23,28)(H,24,29)/t14-,15-,17-/m0/s1"
F2P_cov,M2P_cov,"InChI=1S/C6H14O12P2/c7-3(1-17-19(11,12)13)5(9)6(10)4(8)2-18-20(14,15)16/h3,5-7,9-10H,1-2H2,(H2,11,12,13)(H2,14,15,16)/t3-,5-,6-/m1/s1"
F2P_cov,P6F_cov,"InChI=1S/C6H14O12P2/c7-3(1-17-19(11,12)13)5(9)6(10)4(8)2-18-20(14,15)16/h3,5-7,9-10H,1-2H2,(H2,11,12,13)(H2,14,15,16)/t3-,5-,6-/m1/s1"
F8C_cov,F5L_cov,"InChI=1S/C26H42N4O6/c1-16(2)11-21(23(33)28-19(15-31)12-18-5-8-27-22(18)32)29-25(35)36-20-13-26(14-20)6-9-30(10-7-26)24(34)17(3)4/h15-21H,5-14H2,1-4H3,(H,27,32)(H,28,33)(H,29,35)/t18-,19-,21-/m0/s1"
FAF_cov,LPF_cov,"InChI=1S/C18H23F3N2O3/c1-11(2)9-15(22-12(3)24)17(26)23-14(16(25)18(19,20)21)10-13-7-5-4-6-8-13/h4-8,11,14-15H,9-10H2,1-3H3,(H,22,24)(H,23,26)/t14-,15-/m0/s1"
FE0_cov,PJ5_cov,"InChI=1S/C6H10O4/c7-1-2-3(8)4(9)6-5(2)10-6/h2-9H,1H2/t2-,3-,4+,5-,6+/m0/s1"
FFQ_cov,GG6_cov,"InChI=1S/C3H7O4P/c1-2-3(7-2)8(4,5)6/h2-3H,1H3,(H2,4,5,6)/t2-,3+/m0/s1"
FHS_cov,FEY_cov,"InChI=1S/C30H42N4O6/c1-20(2)14-25(28(38)32-23(19-35)16-22-8-11-31-27(22)37)33-29(39)40-24-17-30(18-24)9-12-34(13-10-30)26(36)15-21-6-4-3-5-7-21/h3-7,19-20,22-25H,8-18H2,1-2H3,(H,31,37)(H,32,38)(H,33,39)/t22-,23-,25-/m0/s1"
FIK_cov,FIW_cov,"InChI=1S/C24H38N4O6/c1-14(2)7-19(21(31)26-17(11-29)8-16-5-6-25-20(16)30)27-23(33)34-18-9-24(10-18)12-28(13-24)22(32)15(3)4/h11,14-19H,5-10,12-13H2,1-4H3,(H,25,30)(H,26,31)(H,27,33)/t16-,17-,19-/m0/s1"
FK3_cov,SV6_cov,"InChI=1S/C36H53N7O6/c1-5-10-25(29(44)34(48)39-23-15-16-23)40-33(47)28-24-14-9-13-22(24)20-43(28)35(49)30(36(2,3)4)42-32(46)27(21-11-7-6-8-12-21)41-31(45)26-19-37-17-18-38-26/h17-19,21-25,27-28,30H,5-16,20H2,1-4H3,(H,39,48)(H,40,47)(H,41,45)(H,42,46)/t22-,24-,25-,27-,28-,30+/m0/s1"
FN2_cov,FP8_cov,"InChI=1S/C28H38N4O6/c1-18(2)10-23(26(36)30-21(15-33)12-20-8-9-29-25(20)35)31-27(37)38-22-13-28(14-22)16-32(17-28)24(34)11-19-6-4-3-5-7-19/h3-7,15,18,20-23H,8-14,16-17H2,1-2H3,(H,29,35)(H,30,36)(H,31,37)/t20-,21-,23-/m0/s1"
FVE_cov,FV5_cov,"InChI=1S/C23H38N4O7S/c1-15(2)10-19(21(30)25-17(14-28)11-16-4-7-24-20(16)29)26-22(31)34-18-12-23(13-18)5-8-27(9-6-23)35(3,32)33/h14-19H,4-13H2,1-3H3,(H,24,29)(H,25,30)(H,26,31)/t16-,17-,19-/m0/s1"
FWI_cov,FZI_cov,"InChI=1S/C23H36N4O7/c1-14(2)8-18(20(30)25-17(12-28)9-16-6-7-24-19(16)29)26-21(31)33-13-15-10-27(11-15)22(32)34-23(3,4)5/h6-7,12,14-18H,8-11,13H2,1-5H3,(H,24,29)(H,25,30)(H,26,31)/t16-,17-,18-/m0/s1"
FZS_cov,NZV_cov,"InChI=1S/C18H18N8O7S3/c1-25-18(22-12(28)13(29)23-25)36-4-6-3-34-15-9(14(30)26(15)10(6)16(31)32)21-11(27)8(24-33-2)7-5-35-17(19)20-7/h5,9,15H,3-4H2,1-2H3,(H2,19,20)(H,21,27)(H,23,29)(H,31,32)/b24-8+/t9-,15-/m1/s1"
G0R_cov,INH_cov,"InChI=1S/C14H18Br2N4O5/c15-8-6-9(21)7(5-10(22)23)11(16)12(8)25-14(24)20-4-2-1-3-19-13(17)18/h6,21H,1-5H2,(H,20,24)(H,22,23)(H4,17,18,19)"
G3H_1_cov,G3P_2_cov,"InChI=1S/C3H7O6P/c4-1-3(5)2-9-10(6,7)8/h1,3,5H,2H2,(H2,6,7,8)/t3-/m0/s1"
GB_2_cov,GD7_cov,"InChI=1S/C7H16FO2P/c1-6(7(2,3)4)10-11(5,8)9/h6H,1-5H3"
GB_2_cov,GD8_cov,"InChI=1S/C7H16FO2P/c1-6(7(2,3)4)10-11(5,8)9/h6H,1-5H3"
GB_2_cov,VXA_2_cov,"InChI=1S/C7H16FO2P/c1-6(7(2,3)4)10-11(5,8)9/h6H,1-5H3"
GD1_cov,PRF_cov,"InChI=1S/C7H5N5O/c8-1-3-2-10-5-4(3)6(13)12-7(9)11-5/h2H,(H4,9,10,11,12,13)"
GHX_cov,ELL_cov,"InChI=1S/C24H27N3O5/c28-15-20(14-19-11-12-25-22(19)29)26-23(30)21(13-17-7-3-1-4-8-17)27-24(31)32-16-18-9-5-2-6-10-18/h1-10,15,19-21H,11-14,16H2,(H,25,29)(H,26,30)(H,27,31)/t19-,20-,21-/m0/s1"
GPT_cov,SA1_2_cov,"InChI=1S/C15H20FNO4/c1-14-10(7-8-16)12(19)17-15(14,13(20)21-14)11(18)9-5-3-2-4-6-9/h3,5,9-11,18H,2,4,6-8H2,1H3,(H,17,19)/t9-,10+,11+,14+,15+/m1/s1"
GVZ_cov,GW2_cov,"InChI=1S/C35H52N4O7/c1-23(36-31(40)21-39-15-17-45-18-16-39)33(42)38-30(19-24-11-13-27(44-3)14-12-24)34(43)37-29(32(41)35(2)22-46-35)20-26-9-6-8-25-7-4-5-10-28(25)26/h11-14,23,25-26,28-30H,4-10,15-22H2,1-3H3,(H,36,40)(H,37,43)(H,38,42)/t23-,25-,26-,28+,29-,30-,35+/m0/s1"
HIW_cov,ID1_cov,"InChI=1S/C12H17N3O4S/c1-6(16)9-7-4-8(20-3-2-14-5-13)10(12(18)19)15(7)11(9)17/h5-7,9,16H,2-4H2,1H3,(H2,13,14)(H,18,19)/t6-,7-,9-/m1/s1"
HIW_cov,IM2_1_cov,"InChI=1S/C12H17N3O4S/c1-6(16)9-7-4-8(20-3-2-14-5-13)10(12(18)19)15(7)11(9)17/h5-7,9,16H,2-4H2,1H3,(H2,13,14)(H,18,19)/t6-,7-,9-/m1/s1"
HIW_cov,IM2_2_cov,"InChI=1S/C12H17N3O4S/c1-6(16)9-7-4-8(20-3-2-14-5-13)10(12(18)19)15(7)11(9)17/h5-7,9,16H,2-4H2,1H3,(H2,13,14)(H,18,19)/t6-,7-,9-/m1/s1"
HQ8_cov,HZB_cov,"InChI=1S/C11H18O8/c12-3-2-17-11(9(16)6(3)13)19-4-1-5-10(18-5)8(15)7(4)14/h3-16H,1-2H2/t3-,4-,5-,6+,7+,8-,9-,10-,11+/m1/s1"
I1E_cov,P18_cov,"InChI=1S/C9H8O/c1-2-9(10)8-6-4-3-5-7-8/h2-7H,1H2"
IRR_cov,IT3_cov,"InChI=1S/C21H35N3O5/c1-4-5-14-9-16(14)12-29-21(28)24-18(8-13(2)3)20(27)23-17(11-25)10-15-6-7-22-19(15)26/h11,13-18H,4-10,12H2,1-3H3,(H,22,26)(H,23,27)(H,24,28)/t14-,15+,16+,17+,18+/m1/s1"
IRR_cov,ITG_cov,"InChI=1S/C21H35N3O5/c1-4-5-14-9-16(14)12-29-21(28)24-18(8-13(2)3)20(27)23-17(11-25)10-15-6-7-22-19(15)26/h11,13-18H,4-10,12H2,1-3H3,(H,22,26)(H,23,27)(H,24,28)/t14-,15+,16+,17+,18+/m1/s1"
IRW_cov,ITX_cov,"InChI=1S/C25H35N3O6/c1-15(2)10-22(24(31)27-19(13-29)11-17-8-9-26-23(17)30)28-25(32)34-14-18-12-21(18)16-4-6-20(33-3)7-5-16/h4-7,13,15,17-19,21-22H,8-12,14H2,1-3H3,(H,26,30)(H,27,31)(H,28,32)/t17-,18-,19-,21-,22-/m0/s1"
IUB_cov,IRK_cov,"InChI=1S/C21H35N3O5/c1-4-5-14-9-16(14)12-29-21(28)24-18(8-13(2)3)20(27)23-17(11-25)10-15-6-7-22-19(15)26/h11,13-18H,4-10,12H2,1-3H3,(H,22,26)(H,23,27)(H,24,28)/t14-,15-,16-,17-,18-/m0/s1"
JIW_cov,VKH_cov,"InChI=1S/C7H13NO4/c9-1-2-3-4(8-3)6(11)7(12)5(2)10/h2-12H,1H2/t2-,3+,4+,5+,6+,7-/m0/s1"
JJT_cov,MK7_cov,"InChI=1S/C12H20N4O6S/c17-11(14-8-3-5-13-6-4-8)10-2-1-9-7-15(10)12(18)16(9)22-23(19,20)21/h8-10,13H,1-7H2,(H,14,17)(H,19,20,21)/t9-,10+/m1/s1"
JJT_cov,YOZ_cov,"InChI=1S/C12H20N4O6S/c17-11(14-8-3-5-13-6-4-8)10-2-1-9-7-15(10)12(18)16(9)22-23(19,20)21/h8-10,13H,1-7H2,(H,14,17)(H,19,20,21)/t9-,10+/m1/s1"
JPP_cov,YPP_cov,"InChI=1S/C23H27N5O7S/c1-4-26-10-11-27(19(32)18(26)31)22(35)25-13(12-8-6-5-7-9-12)16(29)24-14-17(30)28-15(21(33)34)23(2,3)36-20(14)28/h5-9,13-15,20H,4,10-11H2,1-3H3,(H,24,29)(H,25,35)(H,33,34)/t13-,14-,15+,20-/m1/s1"
K2O_cov,KQN_cov,"InChI=1S/C13H21N5O4/c1-8(12(20)17-11-9(2)22-13(11)21)16-10(19)6-4-3-5-7-15-18-14/h8-9,11H,3-7H2,1-2H3,(H,16,19)(H,17,20)/t8-,9-,11+/m1/s1"
KCQ_cov,ECQ_2_cov,"InChI=1S/C39H51N7O9/c1-21(2)18-30(43-38(53)33(23(5)55-26-12-8-7-9-13-26)44-37(52)32(22(3)4)41-24(6)47)36(51)42-29(19-25-16-17-40-34(25)49)31(48)20-46-39(54)28-15-11-10-14-27(28)35(50)45-46/h7-15,21-23,25,29-30,32-33H,16-20H2,1-6H3,(H,40,49)(H,41,47)(H,42,51)(H,43,53)(H,44,52)(H,45,50)/t23-,25+,29+,30+,32+,33+/m1/s1"
KH0_cov,O6K_cov,"InChI=1S/C31H39N5O7/c1-31(2,3)43-30(42)35-22-10-7-15-36(29(22)41)24(16-19-11-12-19)27(39)34-23(17-21-13-14-32-26(21)38)25(37)28(40)33-18-20-8-5-4-6-9-20/h4-10,15,19,21,23-24H,11-14,16-18H2,1-3H3,(H,32,38)(H,33,40)(H,34,39)(H,35,42)/t21-,23-,24-/m0/s1"
KI1_cov,O56_cov,"InChI=1S/C19H26ClF3N2O2S2/c1-24(2)10-12-29-28-11-5-17(26)25-8-6-18(27,7-9-25)14-3-4-16(20)15(13-14)19(21,22)23/h3-4,13,27H,5-12H2,1-2H3"
L0S_cov,L1M_cov,"InChI=1S/C7H16FN2O2P/c1-5-10(6-2)7(3)9-13(8,11)12-4/h5-6H2,1-4H3/b9-7+/t13-/m0/s1"
L4F_cov,GBS_4_cov,"InChI=1S/C41H47N7O6S/c42-40(43)45-34-20-17-33(18-21-34)39(50)54-28-27-47-23-25-48(26-24-47)41(51)46-37(30-32-12-6-2-7-13-32)38(49)44-35(19-16-31-10-4-1-5-11-31)22-29-55(52,53)36-14-8-3-9-15-36/h1-15,17-18,20-22,29,35,37H,16,19,23-28,30H2,(H,44,49)(H,46,51)(H4,42,43,45)/b29-22+/t35-,37-/m0/s1"
LAS_cov,SLA_1_cov,"InChI=1S/C10H15NO4/c1-4(2)6(12)10-7(15-9(10)14)5(3)8(13)11-10/h4-7,12H,1-3H3,(H,11,13)/t5-,6+,7+,10-/m1/s1"
LBF_cov,LMB_1_cov,"InChI=1S/C33H48O6/c1-9-28(14-15-29-24(5)13-16-31(36)39-29)19-22(3)12-10-11-21(2)17-25(6)32(37)27(8)33(38)26(7)18-23(4)20-30(34)35/h10-11,13-17,19-20,22,24-27,29,33,38H,9,12,18H2,1-8H3,(H,34,35)/b11-10+,15-14+,21-17+,23-20+,28-19-/t22-,24+,25-,26+,27-,29+,33-/m1/s1"
ME7_cov,XLX_cov,"InChI=1S/C10H8N2O4/c13-7-1-2-8(14)11(7)5-6-12-9(15)3-4-10(12)16/h1-4H,5-6H2"
MLI_cov,MLA_1_cov,"InChI=1S/C24H38N7O19P3S/c1-24(2,19(37)22(38)27-4-3-13(32)26-5-6-54-15(35)7-14(33)34)9-47-53(44,45)50-52(42,43)46-8-12-18(49-51(39,40)41)17(36)23(48-12)31-11-30-16-20(25)28-10-29-21(16)31/h10-12,17-19,23,36-37H,3-9H2,1-2H3,(H,26,32)(H,27,38)(H,33,34)(H,42,43)(H,44,45)(H2,25,28,29)(H2,39,40,41)"
MNB_2_cov,MNB_3_cov,"InChI=1S/C7H5NO4S/c9-7(10)5-3-4(13)1-2-6(5)8(11)12/h1-3,13H,(H,9,10)"
MPA_cov,MPC_cov,"InChI=1S/C16H32ClO2P/c1-5-6-7-8-11-20(17,18)19-16-12-14(4)9-10-15(16)13(2)3/h13-16H,5-12H2,1-4H3/t14-,15+,16-,20-/m1/s1"
NAU_cov,NAV_cov,"InChI=1S/C11H17NO9/c1-4(14)12-7-5(15)2-11(20,10(18)19)21-9(7)8(17)6(16)3-13/h6-9,13,16-17,20H,2-3H2,1H3,(H,12,14)(H,18,19)/t6-,7-,8-,9-,11-/m1/s1"
NCF_cov,NEF_cov,"InChI=1S/C21H16N4O8S2/c26-16(9-14-2-1-7-34-14)22-17-19(27)23-18(21(28)29)12(10-35-20(17)23)4-3-11-5-6-13(24(30)31)8-15(11)25(32)33/h1-8,17,20H,9-10H2,(H,22,26)(H,28,29)/b4-3+/t17-,20-/m1/s1"
NEN_cov,NEQ_cov,"InChI=1S/C6H7NO2/c1-2-7-5(8)3-4-6(7)9/h3-4H,2H2,1H3"
NFF_cov,NXU_cov,"InChI=1S/C21H22N2O5S/c1-4-28-13-10-9-11-7-5-6-8-12(11)14(13)17(24)22-15-18(25)23-16(20(26)27)21(2,3)29-19(15)23/h5-10,15-16,19H,4H2,1-3H3,(H,22,24)(H,26,27)/t15-,16+,19-/m1/s1"
NOL_1_cov,NOL_2_cov,"InChI=1S/C32H48N4O7/c1-21(43-32(2,3)4)27(36-31(41)42-20-23-13-9-6-10-14-23)30(40)35-26(17-22-11-7-5-8-12-22)29(39)34-25(19-37)18-24-15-16-33-28(24)38/h6,9-10,13-14,19,21-22,24-27H,5,7-8,11-12,15-18,20H2,1-4H3,(H,33,38)(H,34,39)(H,35,40)(H,36,41)/t21-,24+,25+,26+,27+/m1/s1"
O2S_cov,O2V_cov,"InChI=1S/C8H14O2S/c1-5(2)3-6(8(9)10)7-4-11-7/h5-7H,3-4H2,1-2H3,(H,9,10)/t6-,7-/m0/s1"
OC0_cov,YDB_cov,"InChI=1S/C9H12BN7O5S2/c11-8-14-15-9(24-8)23-3-6(18)12-5(10(21)22)2-17-1-4(7(19)20)13-16-17/h1,5,21-22H,2-3H2,(H2,11,14)(H,12,18)(H,19,20)/t5-/m0/s1"
OEH_cov,PVY_cov,"InChI=1S/C35H42ClN3O6/c1-38(2)25-10-13-28-31(22-25)45-32-23-26(39(3)4)11-14-29(32)33(28)30-21-24(9-12-27(30)35(41)42)34(40)37-16-18-44-20-19-43-17-8-6-5-7-15-36/h9-14,21-23H,5-8,15-20H2,1-4H3,(H-,37,40,41,42)/p+1"
OZ0_cov,OZF_cov,"InChI=1S/C11H16BNO6S/c1-2-10(12(16)17)13-20(18,19)7-8-4-3-5-9(6-8)11(14)15/h3-6,10,13,16-17H,2,7H2,1H3,(H,14,15)/t10-/m1/s1"
OZ9_cov,OZO_cov,"InChI=1S/C11H16BNO6S/c1-2-10(12(16)17)13-20(18,19)7-8-4-3-5-9(6-8)11(14)15/h3-6,10,13,16-17H,2,7H2,1H3,(H,14,15)/t10-/m0/s1"
P2D_cov,PNH_cov,"InChI=1S/C5H8O2/c1-4(6)3-5(2)7/h3H2,1-2H3"
P6S_cov,ONL_3_cov,"InChI=1S/C31H44N6O8/c1-19(2)16-24(30(42)44-5)34-28(40)25-12-9-15-37(25)29(41)26(20(3)4)36-27(39)23(14-13-22(38)17-33-32)35-31(43)45-18-21-10-7-6-8-11-21/h6-8,10-11,17,19-20,23-26H,9,12-16,18H2,1-5H3,(H,34,40)(H,35,43)(H,36,39)/t23-,24-,25-,26-/m0/s1"
P8L_cov,P8U_cov,"InChI=1S/C24H39N3O5/c1-15(2)10-21(23(30)26-19(13-28)11-17-8-9-25-22(17)29)27-24(31)32-14-18-12-20(18)16-6-4-3-5-7-16/h13,15-21H,3-12,14H2,1-2H3,(H,25,29)(H,26,30)(H,27,31)/t17-,18+,19-,20+,21-/m0/s1"
PBC_cov,QFP_cov,"InChI=1S/C6H7BO2/c8-7(9)6-4-2-1-3-5-6/h1-5,8-9H"
PBW_cov,UKT_cov,"InChI=1S/C19H32O15/c20-1-5-8(22)11(25)14(28)19(32-5)31-3-6-9(23)12(26)15(29)18(33-6)30-2-4-7(21)10(24)13(27)17-16(4)34-17/h4-29H,1-3H2/t4-,5-,6-,7-,8-,9-,10+,11+,12+,13+,14+,15+,16+,17-,18+,19+/m1/s1"
PJR_cov,P8C_cov,"InChI=1S/C24H37F2N3O5/c1-14(2)9-20(22(32)28-18(12-30)10-16-5-8-27-21(16)31)29-23(33)34-13-17-11-19(17)15-3-6-24(25,26)7-4-15/h12,14-20H,3-11,13H2,1-2H3,(H,27,31)(H,28,32)(H,29,33)/t16-,17+,18-,19+,20-/m0/s1"
PMF_cov,PMS_cov,"InChI=1S/C7H7FO2S/c8-11(9,10)6-7-4-2-1-3-5-7/h1-5H,6H2"
PXL_cov,UEG_cov,"InChI=1S/C8H9NO3/c1-5-8(12)7(4-11)6(3-10)2-9-5/h2,4,10,12H,3H2,1H3"
Q6K_cov,YY3_cov,"InChI=1S/C28H33N7O2/c1-7-27(36)30-22-16-23(26(37-6)17-25(22)34(4)15-14-33(2)3)32-28-29-13-12-21(31-28)20-18-35(5)24-11-9-8-10-19(20)24/h7-13,16-18H,1,14-15H2,2-6H3,(H,30,36)(H,29,31,32)"
QBZ_cov,TAZ_cov,"InChI=1S/C10H12N4O5S/c1-10(5-13-3-2-11-12-13)8(9(16)17)14-6(15)4-7(14)20(10,18)19/h2-3,7-8H,4-5H2,1H3,(H,16,17)/t7-,8+,10+/m1/s1"
QBZ_cov,TBE_cov,"InChI=1S/C10H12N4O5S/c1-10(5-13-3-2-11-12-13)8(9(16)17)14-6(15)4-7(14)20(10,18)19/h2-3,7-8H,4-5H2,1H3,(H,16,17)/t7-,8+,10+/m1/s1"
QBZ_cov,TBI_cov,"InChI=1S/C10H12N4O5S/c1-10(5-13-3-2-11-12-13)8(9(16)17)14-6(15)4-7(14)20(10,18)19/h2-3,7-8H,4-5H2,1H3,(H,16,17)/t7-,8+,10+/m1/s1"
QN8_cov,QNN_cov,"InChI=1S/C8H11NO/c1-6-8(10)7-2-4-9(6)5-3-7/h7H,1-5H2"
QQZ_cov,0NA_cov,"InChI=1S/C7H9BN6O4S/c15-8(16)4-10-19(17,18)5-1-2-6(9-3-5)7-11-13-14-12-7/h1-3,10,15-16H,4H2,(H,11,12,13,14)"
QYS_cov,VDJ_cov,"InChI=1S/C20H31F2N3O5/c1-2-3-16(18(28)24-15(11-26)10-14-6-9-23-17(14)27)25-19(29)30-12-13-4-7-20(21,22)8-5-13/h11,13-16H,2-10,12H2,1H3,(H,23,27)(H,24,28)(H,25,29)/t14-,15-,16-/m0/s1"
SCH_cov,Z22_cov,"InChI=1S/C2H6O2S2/c1-5-6(2,3)4/h1-2H3"
SD6_cov,S9U_cov,"InChI=1S/C25H41N3O5/c1-16(2)10-22(24(31)27-21(14-29)13-18-8-9-26-23(18)30)28-25(32)33-15-20-12-19(20)11-17-6-4-3-5-7-17/h14,16-22H,3-13,15H2,1-2H3,(H,26,30)(H,27,31)(H,28,32)/t18-,19+,20-,21-,22-/m0/s1"
SDJ_cov,SLH_cov,"InChI=1S/C25H35N5O2/c31-17-23(13-22-14-26-18-29-22)28-15-24-12-19-6-4-5-7-20(19)16-30(24)25(32)10-11-27-21-8-2-1-3-9-21/h1-3,8-9,14,17-20,23-24,27-28H,4-7,10-13,15-16H2,(H,26,29)/t19-,20-,23-,24+/m1/s1"
T0D_cov,TKV_cov,"InChI=1S/C24H34ClN3O5/c1-15(2)10-20(22(31)27-19(13-29)11-16-8-9-26-21(16)30)28-23(32)33-14-24(3,4)17-6-5-7-18(25)12-17/h5-7,12-13,15-16,19-20H,8-11,14H2,1-4H3,(H,26,30)(H,27,31)(H,28,32)/t16-,19-,20-/m0/s1"
TC3_cov,TCX_cov,"InChI=1S/C3H9FNO2P/c1-3-7-8(4,6)5-2/h3H2,1-2H3,(H,5,6)/t8-/m1/s1"
TKK_cov,UQN_cov,"InChI=1S/C16H10Br2N2O/c17-14-4-2-1-3-13(14)16-19-7-8-20(16)12-6-5-11(10-21)15(18)9-12/h1-10H"
TKP_cov,TKS_cov,"InChI=1S/C27H38ClN3O5/c1-27(2,20-9-6-10-21(28)15-20)17-36-26(35)31-23(13-18-7-4-3-5-8-18)25(34)30-22(16-32)14-19-11-12-29-24(19)33/h6,9-10,15-16,18-19,22-23H,3-5,7-8,11-14,17H2,1-2H3,(H,29,33)(H,30,34)(H,31,35)/t19-,22-,23-/m0/s1"
TMM_2_cov,ZBR_cov,"InChI=1S/C9H9Br3/c10-4-7-1-8(5-11)3-9(2-7)6-12/h1-3H,4-6H2"
TN6_cov,TUN_cov,"InChI=1S/C7H15N2O2P/c1-4-9(5-2)12(10,7-8)11-6-3/h4-6H2,1-3H3/t12-/m0/s1"
UCJ_cov,GB_1_cov,"InChI=1S/C4H10FO2P/c1-4(2)7-8(3,5)6/h4H,1-3H3"
UMC_cov,UMP_cov,"InChI=1S/C9H13N2O8P/c12-5-3-8(11-2-1-7(13)10-9(11)14)19-6(5)4-18-20(15,16)17/h1-2,5-6,8,12H,3-4H2,(H,10,13,14)(H2,15,16,17)/t5-,6+,8+/m0/s1"
UQO_cov,WJB_cov,"InChI=1S/C24H35N3O7S/c1-16(2)12-20(22(30)26-18(14-28)13-17-10-11-25-21(17)29)27-23(31)34-15-24(3,4)35(32,33)19-8-6-5-7-9-19/h5-9,14,16-18,20H,10-13,15H2,1-4H3,(H,25,29)(H,26,30)(H,27,31)/t17-,18-,20-/m0/s1"
URR_cov,UO9_cov,"InChI=1S/C24H35N3O6S/c1-16(2)12-20(22(30)26-18(14-28)13-17-10-11-25-21(17)29)27-23(31)33-15-24(3,4)34(32)19-8-6-5-7-9-19/h5-9,14,16-18,20H,10-13,15H2,1-4H3,(H,25,29)(H,26,30)(H,27,31)/t17-,18-,20-,34+/m0/s1"
UV2_cov,UUR_cov,"InChI=1S/C22H31N3O5S/c1-15(2)12-19(21(28)24-17(14-26)13-16-8-9-23-20(16)27)25-22(29)30-10-11-31-18-6-4-3-5-7-18/h3-7,14-17,19H,8-13H2,1-2H3,(H,23,27)(H,24,28)(H,25,29)/t16-,17-,19-/m0/s1"
V3D_cov,V2M_2_cov,"InChI=1S/C32H35N5O7/c1-18(2)13-25(37-31(41)26-15-22-23(35-26)9-6-10-28(22)43-3)30(40)36-24(14-19-11-12-34-29(19)39)27(38)17-44-32(42)21-8-5-4-7-20(21)16-33/h4-10,15,18-19,24-25,35H,11-14,17H2,1-3H3,(H,34,39)(H,36,40)(H,37,41)/t19-,24-,25-/m0/s1"
V66_cov,V69_cov,"InChI=1S/C30H48N6O7/c1-30(2,3)43-29(41)34-22-14-16-26-36-35-25(42-26)12-8-5-9-17-31-24(38)15-13-21(19-37)32-28(40)23(33-27(22)39)18-20-10-6-4-7-11-20/h19-23H,4-18H2,1-3H3,(H,31,38)(H,32,40)(H,33,39)(H,34,41)/t21-,22-,23-/m0/s1"
VHV_cov,VJA_cov,"InChI=1S/C26H38N4O6/c1-16(2)12-21(24(33)28-20(14-31)13-19-10-11-27-23(19)32)29-25(34)22(17(3)4)30-26(35)36-15-18-8-6-5-7-9-18/h5-9,14,16-17,19-22H,10-13,15H2,1-4H3,(H,27,32)(H,28,33)(H,29,34)(H,30,35)/t19-,20-,21-,22-/m0/s1"
VLU_cov,VM0_cov,"InChI=1S/C24H34ClN3O5S/c1-15(2)10-20(22(31)27-18(13-29)11-16-8-9-26-21(16)30)28-23(32)33-14-24(3,4)34-19-7-5-6-17(25)12-19/h5-7,12-13,15-16,18,20H,8-11,14H2,1-4H3,(H,26,30)(H,27,31)(H,28,32)/t16-,18-,20-/m0/s1"
VXA_1_cov,VX_cov,"InChI=1S/C11H26NO2PS/c1-7-14-15(6,13)16-9-8-12(10(2)3)11(4)5/h10-11H,7-9H2,1-6H3"
W6X_cov,W6Z_cov,"InChI=1S/C3H2BrF3O/c4-1-2(8)3(5,6)7/h1H2"
WEL_cov,WEQ_cov,"InChI=1S/C25H35N5O5S/c1-15(2)11-20(22(33)27-17(13-31)12-16-9-10-26-21(16)32)30-24(34)35-14-25(3,4)36-23-28-18-7-5-6-8-19(18)29-23/h5-8,13,15-17,20H,9-12,14H2,1-4H3,(H,26,32)(H,27,33)(H,28,29)(H,30,34)/t16-,17-,20-/m0/s1"
WGO_cov,WGU_cov,"InChI=1S/C24H34FN3O6/c1-15(2)11-20(22(31)27-18(13-29)12-16-9-10-26-21(16)30)28-23(32)33-14-24(3,4)34-19-7-5-17(25)6-8-19/h5-8,13,15-16,18,20H,9-12,14H2,1-4H3,(H,26,30)(H,27,31)(H,28,32)/t16-,18-,20-/m0/s1"
WIX_cov,WJ0_cov,"InChI=1S/C23H32ClN3O6/c1-14(2)9-19(21(30)26-18(12-28)10-15-7-8-25-20(15)29)27-22(31)33-13-23(3,32)16-5-4-6-17(24)11-16/h4-6,11-12,14-15,18-19,32H,7-10,13H2,1-3H3,(H,25,29)(H,26,30)(H,27,31)/t15-,18-,19-,23-/m0/s1"
XFF_cov,XFR_cov,"InChI=1S/C24H35N3O5S/c1-16(2)12-20(22(30)26-18(14-28)13-17-10-11-25-21(17)29)27-23(31)32-15-24(3,4)33-19-8-6-5-7-9-19/h5-9,14,16-18,20H,10-13,15H2,1-4H3,(H,25,29)(H,26,30)(H,27,31)/t17-,18-,20-/m0/s1"
XTM_cov,YLD_cov,"InChI=1S/C21H28FN3O5/c1-13(2)8-18(25-21(29)30-12-14-4-3-5-16(22)9-14)20(28)24-17(11-26)10-15-6-7-23-19(15)27/h3-5,9,11,13,15,17-18H,6-8,10,12H2,1-2H3,(H,23,27)(H,24,28)(H,25,29)/t15-,17-,18-/m0/s1"
XTM_cov,YLJ_cov,"InChI=1S/C21H28FN3O5/c1-13(2)8-18(25-21(29)30-12-14-4-3-5-16(22)9-14)20(28)24-17(11-26)10-15-6-7-23-19(15)27/h3-5,9,11,13,15,17-18H,6-8,10,12H2,1-2H3,(H,23,27)(H,24,28)(H,25,29)/t15-,17-,18-/m0/s1"
Y4D_cov,Y5S_cov,"InChI=1S/C24H39N3O5/c1-15(2)8-21(23(30)26-20(13-28)12-19-6-7-25-22(19)29)27-24(31)32-14-18-10-16-4-3-5-17(9-16)11-18/h13,15-21H,3-12,14H2,1-2H3,(H,25,29)(H,26,30)(H,27,31)/t16-,17+,18-,19-,20-,21-/m0/s1"
Y4J_cov,Y64_cov,"InChI=1S/C24H37N3O5/c1-15(2)8-21(23(30)26-20(13-28)12-19-6-7-25-22(19)29)27-24(31)32-14-18-10-16-4-3-5-17(9-16)11-18/h3-4,13,15-21H,5-12,14H2,1-2H3,(H,25,29)(H,26,30)(H,27,31)/t16-,17+,18-,19-,20-,21-/m0/s1"
Y4P_cov,Y7G_cov,"InChI=1S/C22H35N3O5/c1-13(2)7-19(21(28)24-18(11-26)10-16-5-6-23-20(16)27)25-22(29)30-12-17-9-14-3-4-15(17)8-14/h11,13-19H,3-10,12H2,1-2H3,(H,23,27)(H,24,28)(H,25,29)/t14-,15+,16-,17+,18-,19-/m0/s1"
Y4V_cov,Y7M_cov,"InChI=1S/C25H39N3O5/c1-15(2)5-21(23(31)27-20(13-29)9-19-3-4-26-22(19)30)28-24(32)33-14-25-10-16-6-17(11-25)8-18(7-16)12-25/h13,15-21H,3-12,14H2,1-2H3,(H,26,30)(H,27,31)(H,28,32)/t16-,17+,18-,19-,20-,21-,25-/m0/s1"
Y51_cov,Y71_cov,"InChI=1S/C22H33N3O5/c1-13(2)7-19(21(28)24-18(11-26)10-16-5-6-23-20(16)27)25-22(29)30-12-17-9-14-3-4-15(17)8-14/h3-4,11,13-19H,5-10,12H2,1-2H3,(H,23,27)(H,24,28)(H,25,29)/t14-,15+,16-,17+,18-,19-/m0/s1"
Y8V_cov,Y8S_cov,"InChI=1S/C24H37N3O5/c1-15(2)8-21(23(30)26-20(13-28)12-19-6-7-25-22(19)29)27-24(31)32-14-18-10-16-4-3-5-17(9-16)11-18/h3-4,13,15-21H,5-12,14H2,1-2H3,(H,25,29)(H,26,30)(H,27,31)/t16-,17+,18+,19-,20-,21-/m0/s1"
Y8Y_cov,Y91_cov,"InChI=1S/C24H39N3O5/c1-15(2)8-21(23(30)26-20(13-28)12-19-6-7-25-22(19)29)27-24(31)32-14-18-10-16-4-3-5-17(9-16)11-18/h13,15-21H,3-12,14H2,1-2H3,(H,25,29)(H,26,30)(H,27,31)/t16-,17+,18+,19-,20-,21-/m0/s1"
YKA_cov,YKD_cov,"InChI=1S/C23H35F2N3O5/c1-14(2)11-18(20(31)27-17(13-29)12-15-7-10-26-19(15)30)28-21(32)33-22(3,4)16-5-8-23(24,25)9-6-16/h10,13-18H,5-9,11-12H2,1-4H3,(H,27,31)(H,28,32)/t15-,17-,18-/m0/s1"
YKP_cov,YKM_cov,"InChI=1S/C22H35F2N3O5/c1-13(2)10-18(20(30)26-17(12-28)11-16-6-9-25-19(16)29)27-21(31)32-14(3)15-4-7-22(23,24)8-5-15/h12-18H,4-11H2,1-3H3,(H,25,29)(H,26,30)(H,27,31)/t14-,16-,17-,18-/m0/s1"
YKV_cov,YKS_cov,"InChI=1S/C28H39F2N3O5/c1-18(2)14-23(26(36)32-22(17-34)16-21-10-13-31-25(21)35)33-27(37)38-24(15-19-6-4-3-5-7-19)20-8-11-28(29,30)12-9-20/h3-7,17-18,20-24H,8-16H2,1-2H3,(H,31,35)(H,32,36)(H,33,37)/t21-,22-,23-,24-/m0/s1"
YL7_cov,YKY_cov,"InChI=1S/C21H28FN3O5/c1-13(2)9-18(25-21(29)30-12-15-5-3-4-6-17(15)22)20(28)24-16(11-26)10-14-7-8-23-19(14)27/h3-6,11,13-14,16,18H,7-10,12H2,1-2H3,(H,23,27)(H,24,28)(H,25,29)/t14-,16-,18-/m0/s1"
YLM_cov,YLS_cov,"InChI=1S/C21H28FN3O5/c1-13(2)9-18(25-21(29)30-12-14-3-5-16(22)6-4-14)20(28)24-17(11-26)10-15-7-8-23-19(15)27/h3-6,11,13,15,17-18H,7-10,12H2,1-2H3,(H,23,27)(H,24,28)(H,25,29)/t15-,17-,18-/m0/s1"
YM1_cov,YLV_cov,"InChI=1S/C21H22F5N3O5/c1-9(2)5-13(20(32)28-11(7-30)6-10-3-4-27-19(10)31)29-21(33)34-8-12-14(22)16(24)18(26)17(25)15(12)23/h3-4,7,9-11,13H,5-6,8H2,1-2H3,(H,27,31)(H,28,32)(H,29,33)/t10-,11-,13-/m0/s1"
YMG_cov,YMD_cov,"InChI=1S/C22H37N3O5/c1-14(2)11-18(25-21(29)30-17-5-8-22(3,4)9-6-17)20(28)24-16(13-26)12-15-7-10-23-19(15)27/h13-18H,5-12H2,1-4H3,(H,23,27)(H,24,28)(H,25,29)/t15-,16-,18-/m0/s1"
YMM_cov,YMJ_cov,"InChI=1S/C23H39N3O5/c1-4-5-16-6-8-19(9-7-16)31-23(30)26-20(12-15(2)3)22(29)25-18(14-27)13-17-10-11-24-21(17)28/h14-20H,4-13H2,1-3H3,(H,24,28)(H,25,29)(H,26,30)/t16?,17-,18-,19?,20-/m0/s1"
YMV_cov,YMS_cov,"InChI=1S/C26H37N3O5/c1-17(2)14-23(25(32)28-21(16-30)15-20-12-13-27-24(20)31)29-26(33)34-22-10-8-19(9-11-22)18-6-4-3-5-7-18/h3-7,16-17,19-23H,8-15H2,1-2H3,(H,27,31)(H,28,32)(H,29,33)/t19?,20-,21-,22?,23-/m0/s1"
YN1_cov,YMY_cov,"InChI=1S/C24H41N3O5/c1-4-5-17-6-8-18(9-7-17)15-32-24(31)27-21(12-16(2)3)23(30)26-20(14-28)13-19-10-11-25-22(19)29/h14,16-21H,4-13,15H2,1-3H3,(H,25,29)(H,26,30)(H,27,31)/t17?,18?,19-,20-,21-/m0/s1"
ZAH_cov,ZPR_cov,"InChI=1S/C18H22N2O4/c21-12-15-8-4-10-19(15)17(22)16-9-5-11-20(16)18(23)24-13-14-6-2-1-3-7-14/h1-3,6-7,12,15-16H,4-5,8-11,13H2/t15-,16-/m0/s1"
